flywheel_project,scan_protocol,scan_count
,807360 - Olf Lifespan,73
,808689 - AGGY,52
,808799 - DAY2,82
,808922 - MGI2_PENN,35
,810211 - FNDM,160
PNC_CS_810336,810336 - Big GO,609
,810336 - GO3 FOLLOW UP,25
EONSX_810366,810336 - GO3 FOLLOW UP,4
PNC_CS_810336,810336 - Go2 Supplement,60
,810336 - Go2 Supplement,407
EONSX_810366,810336 - Go3,5
,810336 - Go3,386
,815814 - Conte,165
,816275 - ONM,205
,816281 - NODRA,66
,817628 - EFDO,10
,818028 - Effort,74
SYRP_818621,818621 - SYRP,60
,818621 - SYRP,13
,820690 - phASL,119
,822831 - GRMPY,186
GRMPY_822831,822831 - GRMPY,4
,822937 - HARMONY,16
,825834 - satterttPiloting,31
,825940 - GluCEST in Psychosis,18
,829502 - MOTIVE,5
MOTIVE,829502 - MOTIVE,137
,833922 - EvolPsy,1
Evolution_833922,833922 - EvolPsy,77
,834246 - 22qmidline,1
22q_Midline_834246,834246 - 22qmidline,21
,843329 - LongGluCEST,8
,B10218 - MGI2_PITT,6
